<?xml version="1.0" encoding="UTF-8"?>
<project-private xmlns="http://www.netbeans.org/ns/project-private/1">
    <editor-bookmarks xmlns="http://www.netbeans.org/ns/editor-bookmarks/2" lastBookmarkId="0"/>
    <open-files xmlns="http://www.netbeans.org/ns/projectui-open-files/2">
        <group>
            <file>file:/C:/Users/theus/Desktop/SPTECH/2Semestre/Sprint1/Linguagem-de-programacao/Quarta%20Aula%20-%20Métodos/atividade02-ac01/src/atividade02/ac01/Idade.java</file>
            <file>file:/C:/Users/theus/Desktop/SPTECH/2Semestre/Sprint1/Linguagem-de-programacao/Quarta%20Aula%20-%20Métodos/atividade02-ac01/src/atividade02/ac01/TesteIdade.java</file>
            <file>file:/C:/Users/theus/Desktop/SPTECH/2Semestre/Sprint1/Linguagem-de-programacao/Quarta%20Aula%20-%20Métodos/atividade02-ac01/src/atividade02/ac01/TesteCalculoNutricao.java</file>
            <file>file:/C:/Users/theus/Desktop/SPTECH/2Semestre/Sprint1/Linguagem-de-programacao/Quarta%20Aula%20-%20Métodos/atividade02-ac01/src/atividade02/ac01/TesteValidacaoNumerica.java</file>
            <file>file:/C:/Users/theus/Desktop/SPTECH/2Semestre/Sprint1/Linguagem-de-programacao/Quarta%20Aula%20-%20Métodos/atividade02-ac01/src/atividade02/ac01/DescontoProgressivo.java</file>
            <file>file:/C:/Users/theus/Desktop/SPTECH/2Semestre/Sprint1/Linguagem-de-programacao/Quarta%20Aula%20-%20Métodos/atividade02-ac01/src/atividade02/ac01/CalculoAluno.java</file>
            <file>file:/C:/Users/theus/Desktop/SPTECH/2Semestre/Sprint1/Linguagem-de-programacao/Quarta%20Aula%20-%20Métodos/atividade02-ac01/src/atividade02/ac01/CalculoNutricao.java</file>
            <file>file:/C:/Users/theus/Desktop/SPTECH/2Semestre/Sprint1/Linguagem-de-programacao/Quarta%20Aula%20-%20Métodos/atividade02-ac01/src/atividade02/ac01/ValidacaoNumerica.java</file>
            <file>file:/C:/Users/theus/Desktop/SPTECH/2Semestre/Sprint1/Linguagem-de-programacao/Quarta%20Aula%20-%20Métodos/atividade02-ac01/src/atividade02/ac01/TesteCalculoAluno.java</file>
            <file>file:/C:/Users/theus/Desktop/SPTECH/2Semestre/Sprint1/Linguagem-de-programacao/Quarta%20Aula%20-%20Métodos/atividade02-ac01/src/atividade02/ac01/TesteDescontoProgressivo.java</file>
        </group>
    </open-files>
</project-private>
